{
  "scarcity": {
    "n_values": [
      2,
      3,
      5,
      7,
      10,
      14,
      20,
      28,
      40,
      56,
      78,
      109,
      153,
      213,
      298,
      416,
      581,
      811,
      1133
    ],
    "no_sae_auc": [
      0.5,
      0.5,
      0.5606392433187329,
      0.4674665143147337,
      0.48413000698279696,
      0.47970227893099726,
      0.5431187710277408,
      0.5494985082206565,
      0.5516568272709961,
      0.6072176728242239,
      0.6234209356947883,
      0.6409731479718149,
      0.6551926617152287,
      0.6394337586491463,
      0.6638576779026217,
      0.6565574811147084,
      0.6670316765060623,
      0.6815051101377516,
      0.6822986097886117
    ],
    "sae_auc": [
      0.5,
      0.44726401320383424,
      0.478353329524535,
      0.4548816098520917,
      0.48413000698279696,
      0.5426744112232591,
      0.5431187710277408,
      0.5472449692122136,
      0.5516568272709961,
      0.6072176728242239,
      0.6234209356947883,
      0.6409731479718149,
      0.6551926617152287,
      0.6394337586491463,
      0.6638576779026217,
      0.6565574811147084,
      0.6670316765060623,
      0.6815051101377516,
      0.6822986097886117
    ]
  },
  "imbalance": {
    "ratio_values": [
      0.05,
      0.1,
      0.15,
      0.2,
      0.25,
      0.3,
      0.35,
      0.39999999999999997,
      0.44999999999999996,
      0.49999999999999994,
      0.5499999999999999,
      0.6,
      0.65,
      0.7,
      0.75,
      0.7999999999999999,
      0.85,
      0.9,
      0.95
    ],
    "no_sae_auc": [
      0.66729088639201,
      0.6610169491525424,
      0.6650054367524465,
      0.6210418794688457,
      0.6406398781184537,
      0.6974053814311059,
      0.6989171374764596,
      0.6778946867263378,
      0.6675513366912049,
      0.6870471448179004,
      0.6928554613935971,
      0.6756439720386862,
      0.6621468926553673,
      0.6527362440191388,
      0.6492866034664367,
      0.6590909090909091,
      0.6840714415892108,
      0.6430397727272728,
      0.5941619585687382
    ],
    "sae_auc": [
      0.66729088639201,
      0.6610169491525424,
      0.6650054367524465,
      0.6210418794688457,
      0.6406398781184537,
      0.6974053814311059,
      0.6989171374764596,
      0.6778946867263378,
      0.6675513366912049,
      0.6870471448179004,
      0.6928554613935971,
      0.6756439720386862,
      0.6621468926553673,
      0.6527362440191388,
      0.6492866034664367,
      0.6590909090909091,
      0.6840714415892108,
      0.6430397727272728,
      0.5941619585687382
    ]
  },
  "noise": {
    "fraction_values": [
      0.0,
      0.05,
      0.1,
      0.15000000000000002,
      0.2,
      0.25,
      0.30000000000000004,
      0.35000000000000003,
      0.4,
      0.45,
      0.5
    ],
    "logreg_auc": [
      0.718180664000508,
      0.6733479337269092,
      0.6590014600393576,
      0.6500349139846378,
      0.6371960896337205,
      0.6443534564844792,
      0.6247540151082334,
      0.6175490382784233,
      0.6083761823144798,
      0.5580048244778772,
      0.510013965593855
    ],
    "sae_auc": [
      0.4548816098520917,
      0.6417349076366405,
      0.6748079730844918,
      0.6446232463657715,
      0.6558909414079858,
      0.653796102329715,
      0.48322541738081637,
      0.48173363803719926,
      0.4548816098520917,
      0.4658795150130134,
      0.5
    ]
  }
}